ranks,NX,NY,NZ,STEPS,time_seconds
1,256,128,128,50,0.363374
2,512,128,128,50,0.527517
4,1024,128,128,50,1.089374
