ranks,NX,NY,NZ,STEPS,time_seconds
1,256,128,128,50,0.373109
2,512,128,128,50,0.537789
4,1024,128,128,50,1.087076
