ranks,NX,NY,NZ,STEPS,time_seconds
1,256,128,128,50,0.368984
2,512,128,128,50,0.526684
4,1024,128,128,50,1.078193
