ranks,NX,NY,NZ,STEPS,time_seconds
1,256,128,128,50,0.369830
2,512,128,128,50,0.533273
4,1024,128,128,50,1.071889
