nodes,ranks,threads,NX,NY,NZ,STEPS,time
4,4,1,1024,128,128,50,1.053437
4,8,2,2048,128,128,50,1.097001
