nodes,ranks,NX,NY,NZ,STEPS,time
4,4,1024,128,128,50,0.994392
4,8,2048,128,128,50,1.098762
