nodes,ranks,NX,NY,NZ,STEPS,time
2,2,512,128,128,50,0.457366
2,4,1024,128,128,50,0.594114
2,8,2048,128,128,50,1.085798
