nodes,ranks,threads,NX,NY,NZ,STEPS,time
2,2,1,512,128,128,50,0.474425
2,4,2,1024,128,128,50,0.580489
2,8,4,2048,128,128,50,1.094084
