ranks,time_seconds
1,0.002684
2,0.009203
4,0.006361
8,0.009219
