ranks,time_seconds,speedup,efficiency_pct
1,0.002684,1.0000,100.0
2,0.009203,0.2916,14.6
4,0.006361,0.4219,10.5
8,0.009219,0.2911,3.6
