ranks,time
1,8.053185
2,4.226203
4,2.724142
