ranks,time
1,8.028180
2,4.226821
4,2.719148
