ranks,time_seconds
1,8.045038
2,4.232950
4,2.720954
