ranks,time
1,8.045523
2,4.226354
4,2.720260
