ranks,NX,NY,NZ,STEPS,time_seconds
1,256,128,128,50,0.995616
2,512,128,128,50,1.062199
4,1024,128,128,50,1.341667
