ranks,NX,NY,NZ,STEPS,time_seconds
1,256,128,128,50,0.988476
2,512,128,128,50,1.040710
4,1024,128,128,50,1.337850
