ranks,time
1,0.362066
2,0.268010
4,0.277688
