ranks,time
1,2.976453
2,2.083140
4,2.185860
