ranks,time
1,0.363726
2,0.277727
4,0.278475
