ranks,time
1,0.364193
2,0.271960
4,0.278943
